brand,title,old_price,regular_price,special_price
APPLE,IPHONE 16 128GB,"S/ 5,399.00","S/ 2,899.00",
SAMSUNG,CELULAR SAMSUNG GALAXY A57 5G 256GB,"S/ 2,249.00","S/ 1,799.00","S/ 1,699.00"
APPLE,IPHONE 17 PRO MAX 256GB,"S/ 7,699.00","S/ 5,599.00",
MOTOROLA,CELULAR MOTOROLA MOTO G77 256GB,"S/ 1,299.00",S/ 849.00,
XIAOMI,SMARTPHONE XIAOMI REDMI A7 PRO BLACK 4+128 GB,S/ 549.00,S/ 399.00,S/ 379.00
SAMSUNG,CELULAR SAMSUNG GALAXY S26 ULTRA 12 GB RAM 512GB,"S/ 6,099.00","S/ 5,199.00","S/ 4,999.00"
APPLE,IPHONE 15 128GB,"S/ 3,299.00","S/ 2,599.00",
SAMSUNG,CELULAR SAMSUNG GALAXY A37 5G 256GB,"S/ 1,949.00","S/ 1,599.00","S/ 1,399.00"
APPLE,IPHONE 17 PRO 256GB,"S/ 6,999.00","S/ 4,899.00",
XIAOMI,SMARTPHONE XIAOMI REDMI NOTE 17 256GB + BUDS 6 PLAY,"S/ 1,299.00",S/ 999.00,
APPLE,NUEVO IPHONE 17 PRO 256GB (ESIM) + REGALO,,"S/ 4,499.00","S/ 4,399.00"
APPLE,IPHONE 17 PRO MAX 256GB - ESIM,"S/ 6,399.00","S/ 4,899.00","S/ 4,799.00"
SAMSUNG,CELULAR SAMSUNG GALAXY S25 ULTRA 256GB,"S/ 5,149.00","S/ 3,999.00","S/ 3,899.00"
SAMSUNG,CELULAR SAMSUNG GALAXY S26 FE 128 GB,"S/ 3,599.00","S/ 2,999.00","S/ 2,799.00"
APPLE,IPHONE 17 ESIM 256GB + REGALO,,"S/ 3,299.00","S/ 3,249.00"
HONOR,SMARTPHONE HONOR X5D 128GB,S/ 629.00,S/ 449.00,
XIAOMI,CELULAR XIAOMI REDMI NOTE 15 PRO+ 5G 512 GB,"S/ 1,899.00","S/ 1,799.00","S/ 1,699.00"
MOTOROLA,CELULAR MOTOROLA MOTO EDGE 70 512GB,"S/ 2,499.00","S/ 1,849.00",
SAMSUNG,SAMSUNG S25 ULTRA 12GB + 512GB SILVER BLUE,"S/ 3,899.00","S/ 3,299.00","S/ 3,249.00"
XIAOMI,CELULAR XIAOMI REDMI NOTE 15 PRO 256GB,"S/ 1,299.00","S/ 1,249.00","S/ 1,099.00"
SAMSUNG,CELULAR SAMSUNG GALAXY A27 256GB 5G,"S/ 1,699.00","S/ 1,299.00",
APPLE,IPHONE 17 PRO MAX 256GB DESBLOQUEADO | GARANTÍA APPLE ACTIVA + REGALO,"S/ 5,999.00","S/ 4,799.00","S/ 4,699.00"
APPLE,APPLE WATCH SERIES 11 46MM CORREA DEPORTIVA,"S/ 1,849.00","S/ 1,699.00",
SAMSUNG,CELULAR SAMSUNG GALAXY A16 128GB,S/ 799.00,S/ 649.00,
MOTOROLA,SMARTPHONE MOTOROLA G06 64GB,S/ 479.00,S/ 349.00,
HONOR,SMARTPHONE HONOR X5C PLUS 256GB,S/ 569.00,S/ 459.00,
XIAOMI,CELULAR XIAOMI 15T PRO 512GB,"S/ 2,899.00","S/ 2,699.00","S/ 2,499.00"
XIAOMI,CELULAR XIAOMI REDMI NOTE 15 PRO 5G 512 GB,"S/ 1,499.00","S/ 1,479.00","S/ 1,449.00"
SAMSUNG,CELULAR SAMSUNG GALAXY A-17 256GB,"S/ 1,299.00",S/ 949.00,S/ 849.00
APPLE,IPHONE 17 PRO MAX 256GB,"S/ 5,469.00","S/ 4,749.00","S/ 4,699.00"
APPLE,IPHONE 17 256GB,"S/ 5,199.00","S/ 3,999.00","S/ 3,899.00"
XIAOMI,SMARTPHONE XIAOMI REDMI 15C 256GB,S/ 599.00,S/ 549.00,S/ 499.00
APPLE,(REACONDICIONADO) IPHONE 15 PRO MAX 256GB APPLE | BLANCO TITANIUM,"S/ 3,219.00","S/ 2,799.00","S/ 2,749.00"
APPLE,IPHONE 16 128GB ROSADO + CARGADOR 20W,"S/ 3,569.00","S/ 3,099.00","S/ 3,009.00"
APPLE,IPHONE 13 128GB APPLE | ROSA,"S/ 2,189.00","S/ 1,899.00","S/ 1,849.00"
SAMSUNG,CELULAR SAMSUNG GALAXY A07 64GB,,S/ 399.00,
APPLE,IPHONE 17 PRO MAX 256GB,"S/ 5,469.00","S/ 4,749.00","S/ 4,699.00"
MOTOROLA,CELULAR MOTOROLA MOTO G06 128GB,S/ 549.00,S/ 399.00,
SAMSUNG,CELULAR SAMSUNG GALAXY A07 64GB 4GB RAM NEGRO,S/ 599.00,S/ 499.00,
APPLE,IPHONE 14 128GB AZUL CLARO REACONDICIONADO,"S/ 1,569.00","S/ 1,359.00","S/ 1,319.00"
SAMSUNG,CELULAR GALAXY A16 128GB NEGRO,S/ 690.00,S/ 529.00,
APPLE,IPHONE 14 128GB NEGRO REACONDICIONADO,"S/ 1,569.00","S/ 1,359.00","S/ 1,319.00"
APPLE,IPHONE 14 PRO 128GB PLATA REACONDICIONADO,"S/ 2,359.00","S/ 2,049.00","S/ 1,989.00"
APPLE,IPHONE 17 PRO MAX 256GB,"S/ 5,469.00","S/ 4,749.00","S/ 4,699.00"
MOTOROLA,CELULAR MOTOROLA MOTO G17 256GB RAM,S/ 699.00,S/ 599.00,S/ 549.00
APPLE,IPHONE 17 PRO MAX 256GB,"S/ 5,469.00","S/ 4,749.00","S/ 4,699.00"
APPLE,IPHONE 14 PRO MAX 256GB PLATEADO REACONDICIONADO,"S/ 2,969.00","S/ 2,579.00","S/ 2,499.00"
APPLE,IPHONE 13 128GB APPLE | BLANCO,"S/ 2,189.00","S/ 1,899.00","S/ 1,849.00"
APPLE,IPHONE 14 128GB BLANCO REACONDICIONADO,"S/ 1,569.00","S/ 1,359.00","S/ 1,319.00"
SAMSUNG,(REACONDICIONADO) SAMSUNG GALAXY S24 ULTRA 5G 256GB | NEGRO TITANIO,"S/ 3,109.00","S/ 2,699.00","S/ 2,619.00"
SAMSUNG,CELULAR SAMSUNG NOTE 10 PLUS 256GB 12GB RAM NEGRO,"S/ 1,281.00","S/ 1,186.00",
APPLE,APPLE IPHONE 17 PRO 256GB (ESIM),"S/ 6,999.00","S/ 4,549.00",
APPLE,IPHONE 13 128GB ROSA REACONDICIONADO,"S/ 1,649.00","S/ 1,219.00",
SAMSUNG,AUDÍFONOS SAMSUNG AURICULARES TIPO C BLACK EO-IC100BBEGWW,S/ 79.00,S/ 49.00,
SAMSUNG,CELULAR SAMSUNG GALAXY S26 12 GB RAM 512GB,"S/ 4,299.00","S/ 3,899.00","S/ 3,799.00"
SAMSUNG,CELULAR SAMSUNG GALAZY A07 128GB,S/ 699.00,S/ 499.00,S/ 459.00
APPLE,IPHONE 12 64GB MORADO REACONDICIONADO,"S/ 1,019.00",S/ 879.00,
XIAOMI,CELULAR XIAOMI REDMI NOTE 15 PRO 5G 512GB 8GB | TITANIO,"S/ 1,839.00","S/ 1,599.00",
HONOR,CELULAR HONOR MAGIC 8 LITE 512GB,"S/ 1,899.00","S/ 1,599.00",
INFINIX,CELULAR INFINIX HOT 60 PRO 256GB,S/ 899.00,S/ 849.00,
SAMSUNG,(REACONDICIONADO) SAMSUNG GALAXY S23 128GB | LAVANDA,"S/ 1,439.00","S/ 1,249.00",
APPLE,IPHONE 13 128GB BLANCO REACONDICIONADO,"S/ 1,649.00","S/ 1,219.00",
APPLE,(REACONDICIONADO) IPHONE 15 PRO MAX 256GB APPLE | NEGRO TITANIUM,"S/ 3,219.00","S/ 2,799.00","S/ 2,749.00"
APPLE,IPHONE 17 PRO 256GB APPLE | PLATA,"S/ 5,389.00","S/ 4,679.00",
APPLE,IPHONE 16 128GB BLANCO + CARGADOR 20W,"S/ 3,569.00","S/ 3,099.00","S/ 3,009.00"
MOTOROLA,SMARTPHONE MOTOROLA EDGE 70 PRO 512GB,"S/ 2,899.00","S/ 2,049.00",
APPLE,(REACONDICIONADO) IPHONE 15 128GB APPLE | ROSADO,"S/ 2,619.00","S/ 1,939.00",
MOTOROLA,CELULAR MOTO EDGE 70 FUSION 256GB,"S/ 1,799.00","S/ 1,399.00",
APPLE,IPHONE 13 128GB APPLE | MEDIANOCHE,"S/ 2,189.00","S/ 1,899.00","S/ 1,849.00"
HONOR,SMARTPHONE HONOR X7D 256GB+8GB,"S/ 1,099.00",S/ 749.00,S/ 699.00
MOTOROLA,CELULAR MOTOROLA MOTO G06 128GB,S/ 499.00,S/ 399.00,
SAMSUNG,CELULAR SAMSUNG GALAXY Z FLIP7 FE 128GB,"S/ 3,219.00","S/ 2,799.00",
APPLE,APPLE IPHONE 17 PRO 256GB (ESIM) - SILVER + REGALO,"S/ 6,999.00","S/ 4,549.00",
APPLE,IPHONE 13 PRO MAX 128GB GRAFITO REACONDICIONADO,"S/ 2,459.00","S/ 1,819.00",
INFINIX,CELULAR INFINIX NOTE 50 PRO 256GB,"S/ 1,599.00","S/ 1,149.00",
SAMSUNG,(REACONDICIONADO) SAMSUNG GALAXY S23 ULTRA 5G 256GB | NEGRO FANTASMA,"S/ 2,599.00","S/ 1,949.00",
SAMSUNG,CELULAR SAMSUNG GALAXY A16 NEGRO 128GB,S/ 699.00,S/ 649.00,
INFINIX,CELULAR INFINIX HOT 60I 256GB,S/ 599.00,S/ 589.00,
APPLE,(REACONDICIONADO) IPHONE 16 PRO MAX 256GB | DESIERTO TITANIO,"S/ 4,259.00","S/ 3,699.00","S/ 3,599.00"
APPLE,IPHONE 14 PRO 128GB NEGRO REACONDICIONADO,"S/ 2,359.00","S/ 2,049.00","S/ 1,989.00"
APPLE,IPHONE 17 256GB APPLE | PÚRPURA,"S/ 4,029.00","S/ 3,499.00","S/ 3,399.00"
SAMSUNG,SAMSUNG A16 128GB 4GB NEGRO,S/ 763.00,S/ 636.00,
MOTOROLA,CELULAR MOTOROLA MOTO G06 256GB,S/ 599.00,S/ 499.00,S/ 449.00
APPLE,APPLE IPHONE 17 PRO 256GB (ESIM) - DEEP BLUE + REGALO,"S/ 6,999.00","S/ 4,499.00",
APPLE,IPHONE 13 PRO 128GB PLATA REACONDICIONADO,"S/ 1,899.00","S/ 1,649.00","S/ 1,599.00"
SAMSUNG,SAMSUNG GALAXY A57 5G 256GB 8GB AWESOME NAVY,"S/ 2,099.00","S/ 1,629.00",
MOTOROLA,CELULAR MOTOROLA MOTO G67 4+256 GRIS,"S/ 1,099.00",S/ 749.00,S/ 699.00
SAMSUNG,"CELULAR SAMSUNG GALAXY S25 ULTRA 512GB 12GB 200 MP + 50 MP + 50 MP + 10 MP 6.9"" TITANIUM BLACK","S/ 5,999.00","S/ 3,539.00",
APPLE,IPHONE 17 256GB APPLE | BLANCO,"S/ 4,029.00","S/ 3,499.00","S/ 3,399.00"
APPLE,(REACONDICIONADO) IPHONE 15 PRO 128GB APPLE | BLANCO TITANIUM,"S/ 3,309.00","S/ 2,449.00","S/ 2,469.00"
SAMSUNG,SAMSUNG GALAXY S25 ULTRA 256GB 12GB TITANIUM BLACK,"S/ 5,599.00","S/ 3,299.00",
APPLE,(REACONDICIONADO) IPHONE 15 PRO MAX 256GB APPLE | NATURAL TITANIUM,"S/ 3,219.00","S/ 2,799.00","S/ 2,749.00"
HONOR,CELULAR HONOR X8D 256GB,"S/ 1,149.00",S/ 959.00,
APPLE,IPHONE 13 PRO 128GB GRAFITO REACONDICIONADO,"S/ 1,899.00","S/ 1,649.00","S/ 1,599.00"
MOTOROLA,MOTO G86 POWER 8 GB+256GB CEREZA,"S/ 1,149.00","S/ 1,049.00",
INFINIX,CELULAR INFINIX GT 50 PRO 5G 256GB,"S/ 2,699.00","S/ 2,299.00",
